"ticker","date","value","field","variable","nice_field"
"MXFEJ Index",1996-04-30,2.3502,"PX TO BOOK RATIO","Far East ex Japon","PB Ratio"
"MXFEJ Index",1996-05-31,2.3166,"PX TO BOOK RATIO","Far East ex Japon","PB Ratio"
"MXFEJ Index",1996-06-28,2.2668,"PX TO BOOK RATIO","Far East ex Japon","PB Ratio"
"MXFEJ Index",1996-07-31,2.1102,"PX TO BOOK RATIO","Far East ex Japon","PB Ratio"
"MXFEJ Index",1996-08-30,2.1825,"PX TO BOOK RATIO","Far East ex Japon","PB Ratio"
"MXFEJ Index",1996-09-30,2.2348,"PX TO BOOK RATIO","Far East ex Japon","PB Ratio"
"MXFEJ Index",1996-10-31,2.2567,"PX TO BOOK RATIO","Far East ex Japon","PB Ratio"
"MXFEJ Index",1996-11-29,2.3739,"PX TO BOOK RATIO","Far East ex Japon","PB Ratio"
"MXFEJ Index",1996-12-31,2.3562,"PX TO BOOK RATIO","Far East ex Japon","PB Ratio"
"MXFEJ Index",1997-01-31,2.2478,"PX TO BOOK RATIO","Far East ex Japon","PB Ratio"
"MXFEJ Index",1997-02-28,2.2538,"PX TO BOOK RATIO","Far East ex Japon","PB Ratio"
"MXFEJ Index",1997-03-31,2.1223,"PX TO BOOK RATIO","Far East ex Japon","PB Ratio"
"MXFEJ Index",1997-04-30,1.9476,"PX TO BOOK RATIO","Far East ex Japon","PB Ratio"
"MXFEJ Index",1997-05-30,1.9743,"PX TO BOOK RATIO","Far East ex Japon","PB Ratio"
"MXFEJ Index",1997-06-30,2.0238,"PX TO BOOK RATIO","Far East ex Japon","PB Ratio"
"MXFEJ Index",1997-07-31,2.0682,"PX TO BOOK RATIO","Far East ex Japon","PB Ratio"
"MXFEJ Index",1997-08-29,1.6844,"PX TO BOOK RATIO","Far East ex Japon","PB Ratio"
"MXFEJ Index",1997-09-30,1.6694,"PX TO BOOK RATIO","Far East ex Japon","PB Ratio"
"MXFEJ Index",1997-10-31,1.2564,"PX TO BOOK RATIO","Far East ex Japon","PB Ratio"
"MXFEJ Index",1997-11-28,1.1673,"PX TO BOOK RATIO","Far East ex Japon","PB Ratio"
"MXFEJ Index",1997-12-31,1.1125,"PX TO BOOK RATIO","Far East ex Japon","PB Ratio"
"MXFEJ Index",1998-01-30,1.0513,"PX TO BOOK RATIO","Far East ex Japon","PB Ratio"
"MXFEJ Index",1998-02-27,1.29,"PX TO BOOK RATIO","Far East ex Japon","PB Ratio"
"MXFEJ Index",1998-03-31,1.2584,"PX TO BOOK RATIO","Far East ex Japon","PB Ratio"
"MXFEJ Index",1998-04-30,1.3447,"PX TO BOOK RATIO","Far East ex Japon","PB Ratio"
"MXFEJ Index",1998-05-29,1.1138,"PX TO BOOK RATIO","Far East ex Japon","PB Ratio"
"MXFEJ Index",1998-06-30,0.988,"PX TO BOOK RATIO","Far East ex Japon","PB Ratio"
"MXFEJ Index",1998-07-31,0.9199,"PX TO BOOK RATIO","Far East ex Japon","PB Ratio"
"MXFEJ Index",1998-08-31,0.7743,"PX TO BOOK RATIO","Far East ex Japon","PB Ratio"
"MXFEJ Index",1998-09-30,0.8557,"PX TO BOOK RATIO","Far East ex Japon","PB Ratio"
"MXFEJ Index",1998-10-30,1.0685,"PX TO BOOK RATIO","Far East ex Japon","PB Ratio"
"MXFEJ Index",1998-11-30,1.1672,"PX TO BOOK RATIO","Far East ex Japon","PB Ratio"
"MXFEJ Index",1998-12-31,1.1817,"PX TO BOOK RATIO","Far East ex Japon","PB Ratio"
"MXFEJ Index",1999-01-29,1.1824,"PX TO BOOK RATIO","Far East ex Japon","PB Ratio"
"MXFEJ Index",1999-02-26,1.1592,"PX TO BOOK RATIO","Far East ex Japon","PB Ratio"
"MXFEJ Index",1999-03-31,1.2863,"PX TO BOOK RATIO","Far East ex Japon","PB Ratio"
"MXFEJ Index",1999-04-30,1.6076,"PX TO BOOK RATIO","Far East ex Japon","PB Ratio"
"MXFEJ Index",1999-05-31,1.535,"PX TO BOOK RATIO","Far East ex Japon","PB Ratio"
"MXFEJ Index",1999-06-30,1.7987,"PX TO BOOK RATIO","Far East ex Japon","PB Ratio"
"MXFEJ Index",1999-07-30,1.955,"PX TO BOOK RATIO","Far East ex Japon","PB Ratio"
"MXFEJ Index",1999-08-31,1.9805,"PX TO BOOK RATIO","Far East ex Japon","PB Ratio"
"MXFEJ Index",1999-09-30,1.8203,"PX TO BOOK RATIO","Far East ex Japon","PB Ratio"
"MXFEJ Index",1999-10-29,2.0675,"PX TO BOOK RATIO","Far East ex Japon","PB Ratio"
"MXFEJ Index",1999-11-30,2.2718,"PX TO BOOK RATIO","Far East ex Japon","PB Ratio"
"MXFEJ Index",1999-12-31,2.4348,"PX TO BOOK RATIO","Far East ex Japon","PB Ratio"
"MXFEJ Index",2000-01-31,2.3895,"PX TO BOOK RATIO","Far East ex Japon","PB Ratio"
"MXFEJ Index",2000-02-29,2.2631,"PX TO BOOK RATIO","Far East ex Japon","PB Ratio"
"MXFEJ Index",2000-03-31,2.3689,"PX TO BOOK RATIO","Far East ex Japon","PB Ratio"
"MXFEJ Index",2000-04-28,2.084,"PX TO BOOK RATIO","Far East ex Japon","PB Ratio"
"MXFEJ Index",2000-05-31,1.4722,"PX TO BOOK RATIO","Far East ex Japon","PB Ratio"
"MXFEJ Index",2000-06-30,1.5387,"PX TO BOOK RATIO","Far East ex Japon","PB Ratio"
"MXFEJ Index",2000-07-31,1.4917,"PX TO BOOK RATIO","Far East ex Japon","PB Ratio"
"MXFEJ Index",2000-08-31,1.4584,"PX TO BOOK RATIO","Far East ex Japon","PB Ratio"
"MXFEJ Index",2000-09-29,1.2881,"PX TO BOOK RATIO","Far East ex Japon","PB Ratio"
"MXFEJ Index",2000-10-31,1.625,"PX TO BOOK RATIO","Far East ex Japon","PB Ratio"
"MXFEJ Index",2000-11-30,1.4982,"PX TO BOOK RATIO","Far East ex Japon","PB Ratio"
"MXFEJ Index",2000-12-29,1.4924,"PX TO BOOK RATIO","Far East ex Japon","PB Ratio"
"MXFEJ Index",2001-01-31,1.7174,"PX TO BOOK RATIO","Far East ex Japon","PB Ratio"
"MXFEJ Index",2001-02-28,1.6336,"PX TO BOOK RATIO","Far East ex Japon","PB Ratio"
"MXFEJ Index",2001-03-30,1.455,"PX TO BOOK RATIO","Far East ex Japon","PB Ratio"
"MXFEJ Index",2001-04-30,1.4374,"PX TO BOOK RATIO","Far East ex Japon","PB Ratio"
"MXFEJ Index",2001-05-31,1.5261,"PX TO BOOK RATIO","Far East ex Japon","PB Ratio"
"MXFEJ Index",2001-06-29,1.4932,"PX TO BOOK RATIO","Far East ex Japon","PB Ratio"
"MXFEJ Index",2001-07-31,1.268,"PX TO BOOK RATIO","Far East ex Japon","PB Ratio"
"MXFEJ Index",2001-08-31,1.2448,"PX TO BOOK RATIO","Far East ex Japon","PB Ratio"
"MXFEJ Index",2001-09-28,1.0448,"PX TO BOOK RATIO","Far East ex Japon","PB Ratio"
"MXFEJ Index",2001-10-31,1.1091,"PX TO BOOK RATIO","Far East ex Japon","PB Ratio"
"MXFEJ Index",2001-11-30,1.2506,"PX TO BOOK RATIO","Far East ex Japon","PB Ratio"
"MXFEJ Index",2001-12-31,1.3644,"PX TO BOOK RATIO","Far East ex Japon","PB Ratio"
"MXFEJ Index",2002-01-31,1.4108,"PX TO BOOK RATIO","Far East ex Japon","PB Ratio"
"MXFEJ Index",2002-02-28,1.4122,"PX TO BOOK RATIO","Far East ex Japon","PB Ratio"
"MXFEJ Index",2002-03-29,1.5112,"PX TO BOOK RATIO","Far East ex Japon","PB Ratio"
"MXFEJ Index",2002-04-30,1.6265,"PX TO BOOK RATIO","Far East ex Japon","PB Ratio"
"MXFEJ Index",2002-05-31,1.5473,"PX TO BOOK RATIO","Far East ex Japon","PB Ratio"
"MXFEJ Index",2002-06-28,1.4611,"PX TO BOOK RATIO","Far East ex Japon","PB Ratio"
"MXFEJ Index",2002-07-31,1.5633,"PX TO BOOK RATIO","Far East ex Japon","PB Ratio"
"MXFEJ Index",2002-08-30,1.526,"PX TO BOOK RATIO","Far East ex Japon","PB Ratio"
"MXFEJ Index",2002-09-30,1.3513,"PX TO BOOK RATIO","Far East ex Japon","PB Ratio"
"MXFEJ Index",2002-10-31,1.3785,"PX TO BOOK RATIO","Far East ex Japon","PB Ratio"
"MXFEJ Index",2002-11-29,1.4461,"PX TO BOOK RATIO","Far East ex Japon","PB Ratio"
"MXFEJ Index",2002-12-31,1.3461,"PX TO BOOK RATIO","Far East ex Japon","PB Ratio"
"MXFEJ Index",2003-01-31,1.3862,"PX TO BOOK RATIO","Far East ex Japon","PB Ratio"
"MXFEJ Index",2003-02-28,1.3192,"PX TO BOOK RATIO","Far East ex Japon","PB Ratio"
"MXFEJ Index",2003-03-31,1.254,"PX TO BOOK RATIO","Far East ex Japon","PB Ratio"
"MXFEJ Index",2003-04-30,1.1964,"PX TO BOOK RATIO","Far East ex Japon","PB Ratio"
"MXFEJ Index",2003-05-30,1.2825,"PX TO BOOK RATIO","Far East ex Japon","PB Ratio"
"MXFEJ Index",2003-06-30,1.3538,"PX TO BOOK RATIO","Far East ex Japon","PB Ratio"
"MXFEJ Index",2003-07-31,1.5055,"PX TO BOOK RATIO","Far East ex Japon","PB Ratio"
"MXFEJ Index",2003-08-29,1.6106,"PX TO BOOK RATIO","Far East ex Japon","PB Ratio"
"MXFEJ Index",2003-09-30,1.6145,"PX TO BOOK RATIO","Far East ex Japon","PB Ratio"
"MXFEJ Index",2003-10-31,1.7311,"PX TO BOOK RATIO","Far East ex Japon","PB Ratio"
"MXFEJ Index",2003-11-28,1.7036,"PX TO BOOK RATIO","Far East ex Japon","PB Ratio"
"MXFEJ Index",2003-12-31,1.7927,"PX TO BOOK RATIO","Far East ex Japon","PB Ratio"
"MXFEJ Index",2004-01-30,1.8991,"PX TO BOOK RATIO","Far East ex Japon","PB Ratio"
"MXFEJ Index",2004-02-27,1.9629,"PX TO BOOK RATIO","Far East ex Japon","PB Ratio"
"MXFEJ Index",2004-03-31,1.9163,"PX TO BOOK RATIO","Far East ex Japon","PB Ratio"
"MXFEJ Index",2004-04-30,1.6639,"PX TO BOOK RATIO","Far East ex Japon","PB Ratio"
"MXFEJ Index",2004-05-31,1.6159,"PX TO BOOK RATIO","Far East ex Japon","PB Ratio"
"MXFEJ Index",2004-06-30,1.5957,"PX TO BOOK RATIO","Far East ex Japon","PB Ratio"
"MXFEJ Index",2004-07-30,1.4739,"PX TO BOOK RATIO","Far East ex Japon","PB Ratio"
"MXFEJ Index",2004-08-31,1.546,"PX TO BOOK RATIO","Far East ex Japon","PB Ratio"
"MXFEJ Index",2004-09-30,1.597,"PX TO BOOK RATIO","Far East ex Japon","PB Ratio"
"MXFEJ Index",2004-10-29,1.5541,"PX TO BOOK RATIO","Far East ex Japon","PB Ratio"
"MXFEJ Index",2004-11-30,1.6862,"PX TO BOOK RATIO","Far East ex Japon","PB Ratio"
"MXFEJ Index",2004-12-31,1.7311,"PX TO BOOK RATIO","Far East ex Japon","PB Ratio"
"MXFEJ Index",2005-01-31,1.7276,"PX TO BOOK RATIO","Far East ex Japon","PB Ratio"
"MXFEJ Index",2005-02-28,1.8242,"PX TO BOOK RATIO","Far East ex Japon","PB Ratio"
"MXFEJ Index",2005-03-31,1.7354,"PX TO BOOK RATIO","Far East ex Japon","PB Ratio"
"MXFEJ Index",2005-04-29,1.5478,"PX TO BOOK RATIO","Far East ex Japon","PB Ratio"
"MXFEJ Index",2005-05-31,1.5248,"PX TO BOOK RATIO","Far East ex Japon","PB Ratio"
"MXFEJ Index",2005-06-30,1.5569,"PX TO BOOK RATIO","Far East ex Japon","PB Ratio"
"MXFEJ Index",2005-07-29,1.6406,"PX TO BOOK RATIO","Far East ex Japon","PB Ratio"
"MXFEJ Index",2005-08-31,1.5799,"PX TO BOOK RATIO","Far East ex Japon","PB Ratio"
"MXFEJ Index",2005-09-30,1.6557,"PX TO BOOK RATIO","Far East ex Japon","PB Ratio"
"MXFEJ Index",2005-10-31,1.57,"PX TO BOOK RATIO","Far East ex Japon","PB Ratio"
"MXFEJ Index",2005-11-30,1.686,"PX TO BOOK RATIO","Far East ex Japon","PB Ratio"
"MXFEJ Index",2005-12-30,1.783,"PX TO BOOK RATIO","Far East ex Japon","PB Ratio"
"MXFEJ Index",2006-01-31,1.9346,"PX TO BOOK RATIO","Far East ex Japon","PB Ratio"
"MXFEJ Index",2006-02-28,1.9274,"PX TO BOOK RATIO","Far East ex Japon","PB Ratio"
"MXFEJ Index",2006-03-31,1.9449,"PX TO BOOK RATIO","Far East ex Japon","PB Ratio"
"MXFEJ Index",2006-04-28,2.009,"PX TO BOOK RATIO","Far East ex Japon","PB Ratio"
"MXFEJ Index",2006-05-31,1.8042,"PX TO BOOK RATIO","Far East ex Japon","PB Ratio"
"MXFEJ Index",2006-06-30,1.7889,"PX TO BOOK RATIO","Far East ex Japon","PB Ratio"
"MXFEJ Index",2006-07-31,1.7263,"PX TO BOOK RATIO","Far East ex Japon","PB Ratio"
"MXFEJ Index",2006-08-31,1.7688,"PX TO BOOK RATIO","Far East ex Japon","PB Ratio"
"MXFEJ Index",2006-09-29,1.8177,"PX TO BOOK RATIO","Far East ex Japon","PB Ratio"
"MXFEJ Index",2006-10-31,1.8506,"PX TO BOOK RATIO","Far East ex Japon","PB Ratio"
"MXFEJ Index",2006-11-30,1.9959,"PX TO BOOK RATIO","Far East ex Japon","PB Ratio"
"MXFEJ Index",2006-12-29,2.082,"PX TO BOOK RATIO","Far East ex Japon","PB Ratio"
"MXFEJ Index",2007-01-31,2.0483,"PX TO BOOK RATIO","Far East ex Japon","PB Ratio"
"MXFEJ Index",2007-02-28,2.0672,"PX TO BOOK RATIO","Far East ex Japon","PB Ratio"
"MXFEJ Index",2007-03-30,2.1113,"PX TO BOOK RATIO","Far East ex Japon","PB Ratio"
"MXFEJ Index",2007-04-30,1.9458,"PX TO BOOK RATIO","Far East ex Japon","PB Ratio"
"MXFEJ Index",2007-05-31,2.0576,"PX TO BOOK RATIO","Far East ex Japon","PB Ratio"
"MXFEJ Index",2007-06-29,2.1659,"PX TO BOOK RATIO","Far East ex Japon","PB Ratio"
"MXFEJ Index",2007-07-31,2.3149,"PX TO BOOK RATIO","Far East ex Japon","PB Ratio"
"MXFEJ Index",2007-08-31,2.2822,"PX TO BOOK RATIO","Far East ex Japon","PB Ratio"
"MXFEJ Index",2007-09-28,2.5421,"PX TO BOOK RATIO","Far East ex Japon","PB Ratio"
"MXFEJ Index",2007-10-31,2.7589,"PX TO BOOK RATIO","Far East ex Japon","PB Ratio"
"MXFEJ Index",2007-11-30,2.4989,"PX TO BOOK RATIO","Far East ex Japon","PB Ratio"
"MXFEJ Index",2007-12-31,2.4623,"PX TO BOOK RATIO","Far East ex Japon","PB Ratio"
"MXFEJ Index",2008-01-31,2.0982,"PX TO BOOK RATIO","Far East ex Japon","PB Ratio"
"MXFEJ Index",2008-02-29,2.2404,"PX TO BOOK RATIO","Far East ex Japon","PB Ratio"
"MXFEJ Index",2008-03-31,2.1249,"PX TO BOOK RATIO","Far East ex Japon","PB Ratio"
"MXFEJ Index",2008-04-30,2.1372,"PX TO BOOK RATIO","Far East ex Japon","PB Ratio"
"MXFEJ Index",2008-05-30,2.0771,"PX TO BOOK RATIO","Far East ex Japon","PB Ratio"
"MXFEJ Index",2008-06-30,1.8437,"PX TO BOOK RATIO","Far East ex Japon","PB Ratio"
"MXFEJ Index",2008-07-31,1.7851,"PX TO BOOK RATIO","Far East ex Japon","PB Ratio"
"MXFEJ Index",2008-08-29,1.6454,"PX TO BOOK RATIO","Far East ex Japon","PB Ratio"
"MXFEJ Index",2008-09-30,1.3903,"PX TO BOOK RATIO","Far East ex Japon","PB Ratio"
"MXFEJ Index",2008-10-31,1.0595,"PX TO BOOK RATIO","Far East ex Japon","PB Ratio"
"MXFEJ Index",2008-11-28,0.9997,"PX TO BOOK RATIO","Far East ex Japon","PB Ratio"
"MXFEJ Index",2008-12-31,1.0998,"PX TO BOOK RATIO","Far East ex Japon","PB Ratio"
"MXFEJ Index",2009-01-30,1.0668,"PX TO BOOK RATIO","Far East ex Japon","PB Ratio"
"MXFEJ Index",2009-02-27,1.0006,"PX TO BOOK RATIO","Far East ex Japon","PB Ratio"
"MXFEJ Index",2009-03-31,1.2003,"PX TO BOOK RATIO","Far East ex Japon","PB Ratio"
"MXFEJ Index",2009-04-30,1.4031,"PX TO BOOK RATIO","Far East ex Japon","PB Ratio"
"MXFEJ Index",2009-05-29,1.5931,"PX TO BOOK RATIO","Far East ex Japon","PB Ratio"
"MXFEJ Index",2009-06-30,1.5864,"PX TO BOOK RATIO","Far East ex Japon","PB Ratio"
"MXFEJ Index",2009-07-31,1.8692,"PX TO BOOK RATIO","Far East ex Japon","PB Ratio"
"MXFEJ Index",2009-08-31,1.8168,"PX TO BOOK RATIO","Far East ex Japon","PB Ratio"
"MXFEJ Index",2009-09-30,1.9608,"PX TO BOOK RATIO","Far East ex Japon","PB Ratio"
"MXFEJ Index",2009-10-30,1.9577,"PX TO BOOK RATIO","Far East ex Japon","PB Ratio"
"MXFEJ Index",2009-11-30,1.9958,"PX TO BOOK RATIO","Far East ex Japon","PB Ratio"
"MXFEJ Index",2009-12-31,2.0834,"PX TO BOOK RATIO","Far East ex Japon","PB Ratio"
"MXFEJ Index",2010-01-29,1.8997,"PX TO BOOK RATIO","Far East ex Japon","PB Ratio"
"MXFEJ Index",2010-02-26,1.9047,"PX TO BOOK RATIO","Far East ex Japon","PB Ratio"
"MXFEJ Index",2010-03-31,1.7685,"PX TO BOOK RATIO","Far East ex Japon","PB Ratio"
"MXFEJ Index",2010-04-30,1.7909,"PX TO BOOK RATIO","Far East ex Japon","PB Ratio"
"MXFEJ Index",2010-05-31,1.6433,"PX TO BOOK RATIO","Far East ex Japon","PB Ratio"
"MXFEJ Index",2010-06-30,1.6627,"PX TO BOOK RATIO","Far East ex Japon","PB Ratio"
"MXFEJ Index",2010-07-30,1.6931,"PX TO BOOK RATIO","Far East ex Japon","PB Ratio"
"MXFEJ Index",2010-08-31,1.6847,"PX TO BOOK RATIO","Far East ex Japon","PB Ratio"
"MXFEJ Index",2010-09-30,1.8706,"PX TO BOOK RATIO","Far East ex Japon","PB Ratio"
"MXFEJ Index",2010-10-29,1.9216,"PX TO BOOK RATIO","Far East ex Japon","PB Ratio"
"MXFEJ Index",2010-11-30,1.8095,"PX TO BOOK RATIO","Far East ex Japon","PB Ratio"
"MXFEJ Index",2010-12-31,1.905,"PX TO BOOK RATIO","Far East ex Japon","PB Ratio"
"MXFEJ Index",2011-01-31,1.9136,"PX TO BOOK RATIO","Far East ex Japon","PB Ratio"
"MXFEJ Index",2011-02-28,1.8343,"PX TO BOOK RATIO","Far East ex Japon","PB Ratio"
"MXFEJ Index",2011-03-31,1.7772,"PX TO BOOK RATIO","Far East ex Japon","PB Ratio"
"MXFEJ Index",2011-04-29,1.8523,"PX TO BOOK RATIO","Far East ex Japon","PB Ratio"
"MXFEJ Index",2011-05-31,1.7379,"PX TO BOOK RATIO","Far East ex Japon","PB Ratio"
"MXFEJ Index",2011-06-30,1.685,"PX TO BOOK RATIO","Far East ex Japon","PB Ratio"
"MXFEJ Index",2011-07-29,1.7043,"PX TO BOOK RATIO","Far East ex Japon","PB Ratio"
"MXFEJ Index",2011-08-31,1.4857,"PX TO BOOK RATIO","Far East ex Japon","PB Ratio"
"MXFEJ Index",2011-09-30,1.2869,"PX TO BOOK RATIO","Far East ex Japon","PB Ratio"
"MXFEJ Index",2011-10-31,1.4482,"PX TO BOOK RATIO","Far East ex Japon","PB Ratio"
"MXFEJ Index",2011-11-30,1.3639,"PX TO BOOK RATIO","Far East ex Japon","PB Ratio"
"MXFEJ Index",2011-12-30,1.3801,"PX TO BOOK RATIO","Far East ex Japon","PB Ratio"
"MXFEJ Index",2012-01-31,1.5141,"PX TO BOOK RATIO","Far East ex Japon","PB Ratio"
"MXFEJ Index",2012-02-29,1.6049,"PX TO BOOK RATIO","Far East ex Japon","PB Ratio"
"MXFEJ Index",2012-03-30,1.5283,"PX TO BOOK RATIO","Far East ex Japon","PB Ratio"
"MXFEJ Index",2012-04-30,1.5338,"PX TO BOOK RATIO","Far East ex Japon","PB Ratio"
"MXFEJ Index",2012-05-31,1.3175,"PX TO BOOK RATIO","Far East ex Japon","PB Ratio"
"MXFEJ Index",2012-06-29,1.3453,"PX TO BOOK RATIO","Far East ex Japon","PB Ratio"
"MXFEJ Index",2012-07-31,1.3789,"PX TO BOOK RATIO","Far East ex Japon","PB Ratio"
"MXFEJ Index",2012-08-31,1.3552,"PX TO BOOK RATIO","Far East ex Japon","PB Ratio"
"MXFEJ Index",2012-09-28,1.4594,"PX TO BOOK RATIO","Far East ex Japon","PB Ratio"
"MXFEJ Index",2012-10-31,1.4603,"PX TO BOOK RATIO","Far East ex Japon","PB Ratio"
"MXFEJ Index",2012-11-30,1.4284,"PX TO BOOK RATIO","Far East ex Japon","PB Ratio"
"MXFEJ Index",2012-12-31,1.4761,"PX TO BOOK RATIO","Far East ex Japon","PB Ratio"
"MXFEJ Index",2013-01-31,1.4949,"PX TO BOOK RATIO","Far East ex Japon","PB Ratio"
"MXFEJ Index",2013-02-28,1.5026,"PX TO BOOK RATIO","Far East ex Japon","PB Ratio"
"MXFEJ Index",2013-03-29,1.4052,"PX TO BOOK RATIO","Far East ex Japon","PB Ratio"
"MXFEJ Index",2013-04-30,1.4252,"PX TO BOOK RATIO","Far East ex Japon","PB Ratio"
"MXFEJ Index",2013-05-31,1.3867,"PX TO BOOK RATIO","Far East ex Japon","PB Ratio"
"MXFEJ Index",2013-06-28,1.3005,"PX TO BOOK RATIO","Far East ex Japon","PB Ratio"
"MXFEJ Index",2013-07-31,1.3256,"PX TO BOOK RATIO","Far East ex Japon","PB Ratio"
"MXFEJ Index",2013-08-30,1.3091,"PX TO BOOK RATIO","Far East ex Japon","PB Ratio"
"MXFEJ Index",2013-09-30,1.394,"PX TO BOOK RATIO","Far East ex Japon","PB Ratio"
"MXFEJ Index",2013-10-31,1.4476,"PX TO BOOK RATIO","Far East ex Japon","PB Ratio"
"MXFEJ Index",2013-11-29,1.3823,"PX TO BOOK RATIO","Far East ex Japon","PB Ratio"
"MXFEJ Index",2013-12-31,1.3609,"PX TO BOOK RATIO","Far East ex Japon","PB Ratio"
"MXFEJ Index",2014-01-31,1.29,"PX TO BOOK RATIO","Far East ex Japon","PB Ratio"
"MXFEJ Index",2014-02-28,1.333,"PX TO BOOK RATIO","Far East ex Japon","PB Ratio"
"MXFEJ Index",2014-03-31,1.3029,"PX TO BOOK RATIO","Far East ex Japon","PB Ratio"
"MXFEJ Index",2014-04-30,1.3134,"PX TO BOOK RATIO","Far East ex Japon","PB Ratio"
"MXFEJ Index",2014-05-30,1.3266,"PX TO BOOK RATIO","Far East ex Japon","PB Ratio"
"MXFEJ Index",2014-06-30,1.349,"PX TO BOOK RATIO","Far East ex Japon","PB Ratio"
"MXFEJ Index",2014-07-31,1.397,"PX TO BOOK RATIO","Far East ex Japon","PB Ratio"
"MXFEJ Index",2014-08-29,1.3317,"PX TO BOOK RATIO","Far East ex Japon","PB Ratio"
"MXFEJ Index",2014-09-30,1.2735,"PX TO BOOK RATIO","Far East ex Japon","PB Ratio"
"MXFEJ Index",2014-10-31,1.2953,"PX TO BOOK RATIO","Far East ex Japon","PB Ratio"
"MXFEJ Index",2014-11-28,1.2859,"PX TO BOOK RATIO","Far East ex Japon","PB Ratio"
"MXFEJ Index",2014-12-31,1.2608,"PX TO BOOK RATIO","Far East ex Japon","PB Ratio"
"MXFEJ Index",2015-01-30,1.2855,"PX TO BOOK RATIO","Far East ex Japon","PB Ratio"
"MXFEJ Index",2015-02-27,1.3089,"PX TO BOOK RATIO","Far East ex Japon","PB Ratio"
"MXFEJ Index",2015-03-31,1.3211,"PX TO BOOK RATIO","Far East ex Japon","PB Ratio"
"MXFEJ Index",2015-04-30,1.4334,"PX TO BOOK RATIO","Far East ex Japon","PB Ratio"
"MXFEJ Index",2015-05-29,1.3803,"PX TO BOOK RATIO","Far East ex Japon","PB Ratio"
"MXFEJ Index",2015-06-30,1.3141,"PX TO BOOK RATIO","Far East ex Japon","PB Ratio"
"MXFEJ Index",2015-07-31,1.216,"PX TO BOOK RATIO","Far East ex Japon","PB Ratio"
"MXFEJ Index",2015-08-31,1.0399,"PX TO BOOK RATIO","Far East ex Japon","PB Ratio"
"MXFEJ Index",2015-09-30,1.0654,"PX TO BOOK RATIO","Far East ex Japon","PB Ratio"
"MXFEJ Index",2015-10-30,1.1578,"PX TO BOOK RATIO","Far East ex Japon","PB Ratio"
"MXFEJ Index",2015-11-30,1.1397,"PX TO BOOK RATIO","Far East ex Japon","PB Ratio"
"MXFEJ Index",2015-12-31,1.1279,"PX TO BOOK RATIO","Far East ex Japon","PB Ratio"
"MXFEJ Index",2016-01-29,1.0406,"PX TO BOOK RATIO","Far East ex Japon","PB Ratio"
"MXFEJ Index",2016-02-29,1.0377,"PX TO BOOK RATIO","Far East ex Japon","PB Ratio"
"MXFEJ Index",2016-03-31,1.1937,"PX TO BOOK RATIO","Far East ex Japon","PB Ratio"
"MXFEJ Index",2016-04-29,1.1809,"PX TO BOOK RATIO","Far East ex Japon","PB Ratio"
"MXFEJ Index",2016-05-31,1.1252,"PX TO BOOK RATIO","Far East ex Japon","PB Ratio"
"MXFEJ Index",2016-06-30,1.1473,"PX TO BOOK RATIO","Far East ex Japon","PB Ratio"
"MXFEJ Index",2016-07-29,1.1991,"PX TO BOOK RATIO","Far East ex Japon","PB Ratio"
"MXFEJ Index",2016-08-31,1.2513,"PX TO BOOK RATIO","Far East ex Japon","PB Ratio"
"MXFEJ Index",2016-09-30,1.3172,"PX TO BOOK RATIO","Far East ex Japon","PB Ratio"
"MXFEJ Index",2016-10-31,1.2955,"PX TO BOOK RATIO","Far East ex Japon","PB Ratio"
"MXFEJ Index",2016-11-30,1.2115,"PX TO BOOK RATIO","Far East ex Japon","PB Ratio"
"MXFEJ Index",2016-12-30,1.1807,"PX TO BOOK RATIO","Far East ex Japon","PB Ratio"
"MXFEJ Index",2017-01-31,1.2561,"PX TO BOOK RATIO","Far East ex Japon","PB Ratio"
"MXFEJ Index",2017-02-28,1.2946,"PX TO BOOK RATIO","Far East ex Japon","PB Ratio"
"MXFEJ Index",2017-03-31,1.3867,"PX TO BOOK RATIO","Far East ex Japon","PB Ratio"
"MXFEJ Index",2017-04-28,1.4163,"PX TO BOOK RATIO","Far East ex Japon","PB Ratio"
"MXFEJ Index",2017-05-31,1.3993,"PX TO BOOK RATIO","Far East ex Japon","PB Ratio"
"MXFEJ Index",2017-06-30,1.4183,"PX TO BOOK RATIO","Far East ex Japon","PB Ratio"
"MXFEJ Index",2017-07-31,1.4842,"PX TO BOOK RATIO","Far East ex Japon","PB Ratio"
"MXFEJ Index",2017-08-31,1.4142,"PX TO BOOK RATIO","Far East ex Japon","PB Ratio"
"MXFEJ Index",2017-09-29,1.4656,"PX TO BOOK RATIO","Far East ex Japon","PB Ratio"
"MXFEJ Index",2017-10-31,1.5304,"PX TO BOOK RATIO","Far East ex Japon","PB Ratio"
"MXFEJ Index",2017-11-30,1.487,"PX TO BOOK RATIO","Far East ex Japon","PB Ratio"
"MXFEJ Index",2017-12-29,1.5205,"PX TO BOOK RATIO","Far East ex Japon","PB Ratio"
"MXFEJ Index",2018-01-31,1.6421,"PX TO BOOK RATIO","Far East ex Japon","PB Ratio"
"MXFEJ Index",2018-02-28,1.5624,"PX TO BOOK RATIO","Far East ex Japon","PB Ratio"
"MXFEJ Index",2018-03-30,1.4768,"PX TO BOOK RATIO","Far East ex Japon","PB Ratio"
"MXFEJ Index",2018-04-30,1.4821,"PX TO BOOK RATIO","Far East ex Japon","PB Ratio"
"MXFEJ Index",2018-05-31,1.3994,"PX TO BOOK RATIO","Far East ex Japon","PB Ratio"
"MXFEJ Index",2018-06-29,1.3207,"PX TO BOOK RATIO","Far East ex Japon","PB Ratio"
"MXFEJ Index",2018-07-31,1.3162,"PX TO BOOK RATIO","Far East ex Japon","PB Ratio"
"MXFEJ Index",2018-08-31,1.3192,"PX TO BOOK RATIO","Far East ex Japon","PB Ratio"
"MXFEJ Index",2018-09-28,1.3569,"PX TO BOOK RATIO","Far East ex Japon","PB Ratio"
"MXFEJ Index",2018-10-31,1.2035,"PX TO BOOK RATIO","Far East ex Japon","PB Ratio"
"MXFEJ Index",2018-11-30,1.2209,"PX TO BOOK RATIO","Far East ex Japon","PB Ratio"
"MXFEJ Index",2018-12-31,1.1808,"PX TO BOOK RATIO","Far East ex Japon","PB Ratio"
"MXFEJ Index",2019-01-31,1.2799,"PX TO BOOK RATIO","Far East ex Japon","PB Ratio"
"MXFEJ Index",2019-02-28,1.3097,"PX TO BOOK RATIO","Far East ex Japon","PB Ratio"
"MXFEJ Index",2019-03-29,1.3218,"PX TO BOOK RATIO","Far East ex Japon","PB Ratio"
"MXFEJ Index",2019-04-30,1.3482,"PX TO BOOK RATIO","Far East ex Japon","PB Ratio"
"MXFEJ Index",2019-05-31,1.1767,"PX TO BOOK RATIO","Far East ex Japon","PB Ratio"
"MXFEJ Index",2019-06-28,1.2577,"PX TO BOOK RATIO","Far East ex Japon","PB Ratio"
"MXFEJ Index",2019-07-31,1.2353,"PX TO BOOK RATIO","Far East ex Japon","PB Ratio"
"MXFEJ Index",2019-08-30,1.171,"PX TO BOOK RATIO","Far East ex Japon","PB Ratio"
"MXFEJ Index",2019-09-30,1.2197,"PX TO BOOK RATIO","Far East ex Japon","PB Ratio"
"MXFEJ Index",2019-10-31,1.2751,"PX TO BOOK RATIO","Far East ex Japon","PB Ratio"
"MXFEJ Index",2019-11-29,1.2848,"PX TO BOOK RATIO","Far East ex Japon","PB Ratio"
"MXFEJ Index",2019-12-31,1.3752,"PX TO BOOK RATIO","Far East ex Japon","PB Ratio"
"MXFEJ Index",2020-01-31,1.308,"PX TO BOOK RATIO","Far East ex Japon","PB Ratio"
"MXFEJ Index",2020-02-28,1.2768,"PX TO BOOK RATIO","Far East ex Japon","PB Ratio"
"MXFEJ Index",2020-03-31,1.1294,"PX TO BOOK RATIO","Far East ex Japon","PB Ratio"
"MXFEJ Index",2020-04-30,1.223,"PX TO BOOK RATIO","Far East ex Japon","PB Ratio"
"MXFEJ Index",2020-05-29,1.2286,"PX TO BOOK RATIO","Far East ex Japon","PB Ratio"
"MXFEJ Index",2020-06-30,1.3282,"PX TO BOOK RATIO","Far East ex Japon","PB Ratio"
"MXFEJ Index",2020-07-31,1.4321,"PX TO BOOK RATIO","Far East ex Japon","PB Ratio"
"MXFEJ Index",2020-08-31,1.4674,"PX TO BOOK RATIO","Far East ex Japon","PB Ratio"
"MXFEJ Index",2020-09-30,1.48,"PX TO BOOK RATIO","Far East ex Japon","PB Ratio"
"MXFEJ Index",2020-10-30,1.5235,"PX TO BOOK RATIO","Far East ex Japon","PB Ratio"
"MXFEJ Index",2020-11-30,1.5884,"PX TO BOOK RATIO","Far East ex Japon","PB Ratio"
"MXFEJ Index",2020-12-31,1.6805,"PX TO BOOK RATIO","Far East ex Japon","PB Ratio"
"MXFEJ Index",2021-01-29,1.7599,"PX TO BOOK RATIO","Far East ex Japon","PB Ratio"
"MXFEJ Index",2021-02-26,1.7738,"PX TO BOOK RATIO","Far East ex Japon","PB Ratio"
"MXFEJ Index",2021-03-31,1.6632,"PX TO BOOK RATIO","Far East ex Japon","PB Ratio"
"MXFEJ Index",2021-04-30,1.7115,"PX TO BOOK RATIO","Far East ex Japon","PB Ratio"
"MXFEJ Index",2021-05-31,1.7278,"PX TO BOOK RATIO","Far East ex Japon","PB Ratio"
"MXFEJ Index",2021-06-30,1.7206,"PX TO BOOK RATIO","Far East ex Japon","PB Ratio"
"MXFEJ Index",2021-07-30,1.5683,"PX TO BOOK RATIO","Far East ex Japon","PB Ratio"
"MXFEJ Index",2021-08-31,1.5564,"PX TO BOOK RATIO","Far East ex Japon","PB Ratio"
"MXFEJ Index",2021-09-30,1.5076,"PX TO BOOK RATIO","Far East ex Japon","PB Ratio"
"MXFEJ Index",2021-10-29,1.5323,"PX TO BOOK RATIO","Far East ex Japon","PB Ratio"
"MXFEJ Index",2021-11-30,1.481,"PX TO BOOK RATIO","Far East ex Japon","PB Ratio"
"MXFEJ Index",2021-12-31,1.487,"PX TO BOOK RATIO","Far East ex Japon","PB Ratio"
"MXFEJ Index",2022-01-31,1.4366,"PX TO BOOK RATIO","Far East ex Japon","PB Ratio"
"MXFEJ Index",2022-02-28,1.4064,"PX TO BOOK RATIO","Far East ex Japon","PB Ratio"
"MXFEJ Index",2022-03-31,1.3635,"PX TO BOOK RATIO","Far East ex Japon","PB Ratio"
"MXFEJ Index",2022-04-29,1.282,"PX TO BOOK RATIO","Far East ex Japon","PB Ratio"
"MXFEJ Index",2022-05-31,1.3964,"PX TO BOOK RATIO","Far East ex Japon","PB Ratio"
"MXFEJ Index",2022-06-30,1.322,"PX TO BOOK RATIO","Far East ex Japon","PB Ratio"
"MXFEJ Index",2022-07-29,1.2763,"PX TO BOOK RATIO","Far East ex Japon","PB Ratio"
"MXFEJ Index",2022-08-31,1.3274,"PX TO BOOK RATIO","Far East ex Japon","PB Ratio"
"MXFEJ Index",2022-09-30,1.1683,"PX TO BOOK RATIO","Far East ex Japon","PB Ratio"
"MXFEJ Index",2022-10-31,1.0753,"PX TO BOOK RATIO","Far East ex Japon","PB Ratio"
"MXFEJ Index",2022-11-30,1.3614,"PX TO BOOK RATIO","Far East ex Japon","PB Ratio"
"MXFEJ Index",2022-12-30,1.3644,"PX TO BOOK RATIO","Far East ex Japon","PB Ratio"
"MXFEJ Index",2023-01-31,1.506,"PX TO BOOK RATIO","Far East ex Japon","PB Ratio"
"MXFEJ Index",2023-02-28,1.3971,"PX TO BOOK RATIO","Far East ex Japon","PB Ratio"
"MXFEJ Index",2023-03-31,1.4242,"PX TO BOOK RATIO","Far East ex Japon","PB Ratio"
